device,key,distribution,n,run,algorithm,wall_ms,gpu_ms,threads,maxseq,minseq,phase1_iterations,phase1_sequences,max_stack_depth,verified,gpuqsort_version,metallib_sha256,tuning_entry,os_version
Apple M5 Max,uint32,uniform,134217728,1,gpu-quicksort,92.762,87.357,512,16384,4096,14,16384,2,true,0.5.0,daefabcd5b9a6b33c15bbfb51561bd493900dc5a37ad5b75a09f8ca0da89ca3b,Apple M5 Max,Version 26.6.2 (Build 25G83)
Apple M5 Max,uint32,uniform,134217728,2,gpu-quicksort,92.861,87.396,512,16384,4096,14,16384,2,true,0.5.0,daefabcd5b9a6b33c15bbfb51561bd493900dc5a37ad5b75a09f8ca0da89ca3b,Apple M5 Max,Version 26.6.2 (Build 25G83)
Apple M5 Max,uint32,uniform,134217728,3,gpu-quicksort,92.779,87.397,512,16384,4096,14,16384,2,true,0.5.0,daefabcd5b9a6b33c15bbfb51561bd493900dc5a37ad5b75a09f8ca0da89ca3b,Apple M5 Max,Version 26.6.2 (Build 25G83)
Apple M5 Max,uint32,uniform,134217728,4,gpu-quicksort,92.340,86.938,512,16384,4096,14,16384,2,true,0.5.0,daefabcd5b9a6b33c15bbfb51561bd493900dc5a37ad5b75a09f8ca0da89ca3b,Apple M5 Max,Version 26.6.2 (Build 25G83)
Apple M5 Max,uint32,uniform,134217728,5,gpu-quicksort,92.781,87.503,512,16384,4096,14,16384,2,true,0.5.0,daefabcd5b9a6b33c15bbfb51561bd493900dc5a37ad5b75a09f8ca0da89ca3b,Apple M5 Max,Version 26.6.2 (Build 25G83)
Apple M5 Max,uint32,uniform,268435456,1,gpu-quicksort,179.488,173.698,512,32768,4096,15,32768,2,true,0.5.0,daefabcd5b9a6b33c15bbfb51561bd493900dc5a37ad5b75a09f8ca0da89ca3b,Apple M5 Max,Version 26.6.2 (Build 25G83)
Apple M5 Max,uint32,uniform,268435456,2,gpu-quicksort,179.540,173.575,512,32768,4096,15,32768,2,true,0.5.0,daefabcd5b9a6b33c15bbfb51561bd493900dc5a37ad5b75a09f8ca0da89ca3b,Apple M5 Max,Version 26.6.2 (Build 25G83)
Apple M5 Max,uint32,uniform,268435456,3,gpu-quicksort,179.766,174.140,512,32768,4096,15,32768,2,true,0.5.0,daefabcd5b9a6b33c15bbfb51561bd493900dc5a37ad5b75a09f8ca0da89ca3b,Apple M5 Max,Version 26.6.2 (Build 25G83)
Apple M5 Max,uint32,uniform,268435456,4,gpu-quicksort,179.307,173.234,512,32768,4096,15,32768,2,true,0.5.0,daefabcd5b9a6b33c15bbfb51561bd493900dc5a37ad5b75a09f8ca0da89ca3b,Apple M5 Max,Version 26.6.2 (Build 25G83)
Apple M5 Max,uint32,uniform,268435456,5,gpu-quicksort,179.735,173.973,512,32768,4096,15,32768,2,true,0.5.0,daefabcd5b9a6b33c15bbfb51561bd493900dc5a37ad5b75a09f8ca0da89ca3b,Apple M5 Max,Version 26.6.2 (Build 25G83)
Apple M5 Max,uint32,uniform,536870912,1,gpu-quicksort,367.287,359.274,512,65536,4096,17,92230,1,true,0.5.0,daefabcd5b9a6b33c15bbfb51561bd493900dc5a37ad5b75a09f8ca0da89ca3b,Apple M5 Max,Version 26.6.2 (Build 25G83)
Apple M5 Max,uint32,uniform,536870912,2,gpu-quicksort,366.628,358.796,512,65536,4096,17,92230,1,true,0.5.0,daefabcd5b9a6b33c15bbfb51561bd493900dc5a37ad5b75a09f8ca0da89ca3b,Apple M5 Max,Version 26.6.2 (Build 25G83)
Apple M5 Max,uint32,uniform,536870912,3,gpu-quicksort,366.481,358.828,512,65536,4096,17,92230,1,true,0.5.0,daefabcd5b9a6b33c15bbfb51561bd493900dc5a37ad5b75a09f8ca0da89ca3b,Apple M5 Max,Version 26.6.2 (Build 25G83)
Apple M5 Max,uint32,uniform,536870912,4,gpu-quicksort,367.404,359.657,512,65536,4096,17,92230,1,true,0.5.0,daefabcd5b9a6b33c15bbfb51561bd493900dc5a37ad5b75a09f8ca0da89ca3b,Apple M5 Max,Version 26.6.2 (Build 25G83)
Apple M5 Max,uint32,uniform,536870912,5,gpu-quicksort,366.085,358.079,512,65536,4096,17,92230,1,true,0.5.0,daefabcd5b9a6b33c15bbfb51561bd493900dc5a37ad5b75a09f8ca0da89ca3b,Apple M5 Max,Version 26.6.2 (Build 25G83)
Apple M5 Max,uint32,uniform,1073741824,1,gpu-quicksort,899.340,892.619,512,65536,4096,16,65536,3,true,0.5.0,daefabcd5b9a6b33c15bbfb51561bd493900dc5a37ad5b75a09f8ca0da89ca3b,Apple M5 Max,Version 26.6.2 (Build 25G83)
Apple M5 Max,uint32,uniform,1073741824,2,gpu-quicksort,901.508,894.378,512,65536,4096,16,65536,3,true,0.5.0,daefabcd5b9a6b33c15bbfb51561bd493900dc5a37ad5b75a09f8ca0da89ca3b,Apple M5 Max,Version 26.6.2 (Build 25G83)
Apple M5 Max,uint32,uniform,1073741824,3,gpu-quicksort,901.838,894.690,512,65536,4096,16,65536,3,true,0.5.0,daefabcd5b9a6b33c15bbfb51561bd493900dc5a37ad5b75a09f8ca0da89ca3b,Apple M5 Max,Version 26.6.2 (Build 25G83)
Apple M5 Max,uint32,uniform,1073741824,4,gpu-quicksort,906.615,899.172,512,65536,4096,16,65536,3,true,0.5.0,daefabcd5b9a6b33c15bbfb51561bd493900dc5a37ad5b75a09f8ca0da89ca3b,Apple M5 Max,Version 26.6.2 (Build 25G83)
Apple M5 Max,uint32,uniform,1073741824,5,gpu-quicksort,971.281,904.363,512,65536,4096,16,65536,3,true,0.5.0,daefabcd5b9a6b33c15bbfb51561bd493900dc5a37ad5b75a09f8ca0da89ca3b,Apple M5 Max,Version 26.6.2 (Build 25G83)
Apple M5 Max,uint32,sorted,134217728,1,gpu-quicksort,91.755,86.214,512,16384,4096,14,16384,2,true,0.5.0,daefabcd5b9a6b33c15bbfb51561bd493900dc5a37ad5b75a09f8ca0da89ca3b,Apple M5 Max,Version 26.6.2 (Build 25G83)
Apple M5 Max,uint32,sorted,134217728,2,gpu-quicksort,91.881,86.862,512,16384,4096,14,16384,2,true,0.5.0,daefabcd5b9a6b33c15bbfb51561bd493900dc5a37ad5b75a09f8ca0da89ca3b,Apple M5 Max,Version 26.6.2 (Build 25G83)
Apple M5 Max,uint32,sorted,134217728,3,gpu-quicksort,89.550,84.059,512,16384,4096,14,16384,2,true,0.5.0,daefabcd5b9a6b33c15bbfb51561bd493900dc5a37ad5b75a09f8ca0da89ca3b,Apple M5 Max,Version 26.6.2 (Build 25G83)
Apple M5 Max,uint32,sorted,134217728,4,gpu-quicksort,91.087,86.517,512,16384,4096,14,16384,2,true,0.5.0,daefabcd5b9a6b33c15bbfb51561bd493900dc5a37ad5b75a09f8ca0da89ca3b,Apple M5 Max,Version 26.6.2 (Build 25G83)
Apple M5 Max,uint32,sorted,134217728,5,gpu-quicksort,92.370,87.270,512,16384,4096,14,16384,2,true,0.5.0,daefabcd5b9a6b33c15bbfb51561bd493900dc5a37ad5b75a09f8ca0da89ca3b,Apple M5 Max,Version 26.6.2 (Build 25G83)
Apple M5 Max,uint32,sorted,268435456,1,gpu-quicksort,183.568,173.424,512,32768,4096,15,32768,2,true,0.5.0,daefabcd5b9a6b33c15bbfb51561bd493900dc5a37ad5b75a09f8ca0da89ca3b,Apple M5 Max,Version 26.6.2 (Build 25G83)
Apple M5 Max,uint32,sorted,268435456,2,gpu-quicksort,178.057,171.961,512,32768,4096,15,32768,2,true,0.5.0,daefabcd5b9a6b33c15bbfb51561bd493900dc5a37ad5b75a09f8ca0da89ca3b,Apple M5 Max,Version 26.6.2 (Build 25G83)
Apple M5 Max,uint32,sorted,268435456,3,gpu-quicksort,177.570,171.462,512,32768,4096,15,32768,2,true,0.5.0,daefabcd5b9a6b33c15bbfb51561bd493900dc5a37ad5b75a09f8ca0da89ca3b,Apple M5 Max,Version 26.6.2 (Build 25G83)
Apple M5 Max,uint32,sorted,268435456,4,gpu-quicksort,178.623,172.668,512,32768,4096,15,32768,2,true,0.5.0,daefabcd5b9a6b33c15bbfb51561bd493900dc5a37ad5b75a09f8ca0da89ca3b,Apple M5 Max,Version 26.6.2 (Build 25G83)
Apple M5 Max,uint32,sorted,268435456,5,gpu-quicksort,178.557,172.616,512,32768,4096,15,32768,2,true,0.5.0,daefabcd5b9a6b33c15bbfb51561bd493900dc5a37ad5b75a09f8ca0da89ca3b,Apple M5 Max,Version 26.6.2 (Build 25G83)
Apple M5 Max,uint32,sorted,536870912,1,gpu-quicksort,359.133,351.582,512,65536,4096,16,65536,2,true,0.5.0,daefabcd5b9a6b33c15bbfb51561bd493900dc5a37ad5b75a09f8ca0da89ca3b,Apple M5 Max,Version 26.6.2 (Build 25G83)
Apple M5 Max,uint32,sorted,536870912,2,gpu-quicksort,358.038,350.810,512,65536,4096,16,65536,2,true,0.5.0,daefabcd5b9a6b33c15bbfb51561bd493900dc5a37ad5b75a09f8ca0da89ca3b,Apple M5 Max,Version 26.6.2 (Build 25G83)
Apple M5 Max,uint32,sorted,536870912,3,gpu-quicksort,356.741,349.666,512,65536,4096,16,65536,2,true,0.5.0,daefabcd5b9a6b33c15bbfb51561bd493900dc5a37ad5b75a09f8ca0da89ca3b,Apple M5 Max,Version 26.6.2 (Build 25G83)
Apple M5 Max,uint32,sorted,536870912,4,gpu-quicksort,356.618,349.172,512,65536,4096,16,65536,2,true,0.5.0,daefabcd5b9a6b33c15bbfb51561bd493900dc5a37ad5b75a09f8ca0da89ca3b,Apple M5 Max,Version 26.6.2 (Build 25G83)
Apple M5 Max,uint32,sorted,536870912,5,gpu-quicksort,357.799,350.060,512,65536,4096,16,65536,2,true,0.5.0,daefabcd5b9a6b33c15bbfb51561bd493900dc5a37ad5b75a09f8ca0da89ca3b,Apple M5 Max,Version 26.6.2 (Build 25G83)
Apple M5 Max,uint32,sorted,1073741824,1,gpu-quicksort,816.453,808.891,512,65536,4096,16,65536,3,true,0.5.0,daefabcd5b9a6b33c15bbfb51561bd493900dc5a37ad5b75a09f8ca0da89ca3b,Apple M5 Max,Version 26.6.2 (Build 25G83)
Apple M5 Max,uint32,sorted,1073741824,2,gpu-quicksort,821.850,814.217,512,65536,4096,16,65536,3,true,0.5.0,daefabcd5b9a6b33c15bbfb51561bd493900dc5a37ad5b75a09f8ca0da89ca3b,Apple M5 Max,Version 26.6.2 (Build 25G83)
Apple M5 Max,uint32,sorted,1073741824,3,gpu-quicksort,815.929,808.261,512,65536,4096,16,65536,3,true,0.5.0,daefabcd5b9a6b33c15bbfb51561bd493900dc5a37ad5b75a09f8ca0da89ca3b,Apple M5 Max,Version 26.6.2 (Build 25G83)
Apple M5 Max,uint32,sorted,1073741824,4,gpu-quicksort,815.067,807.312,512,65536,4096,16,65536,3,true,0.5.0,daefabcd5b9a6b33c15bbfb51561bd493900dc5a37ad5b75a09f8ca0da89ca3b,Apple M5 Max,Version 26.6.2 (Build 25G83)
Apple M5 Max,uint32,sorted,1073741824,5,gpu-quicksort,811.426,803.956,512,65536,4096,16,65536,3,true,0.5.0,daefabcd5b9a6b33c15bbfb51561bd493900dc5a37ad5b75a09f8ca0da89ca3b,Apple M5 Max,Version 26.6.2 (Build 25G83)
Apple M5 Max,uint32,zero,134217728,1,gpu-quicksort,4.514,3.939,512,16384,4096,1,0,0,true,0.5.0,daefabcd5b9a6b33c15bbfb51561bd493900dc5a37ad5b75a09f8ca0da89ca3b,Apple M5 Max,Version 26.6.2 (Build 25G83)
Apple M5 Max,uint32,zero,134217728,2,gpu-quicksort,5.300,4.406,512,16384,4096,1,0,0,true,0.5.0,daefabcd5b9a6b33c15bbfb51561bd493900dc5a37ad5b75a09f8ca0da89ca3b,Apple M5 Max,Version 26.6.2 (Build 25G83)
Apple M5 Max,uint32,zero,134217728,3,gpu-quicksort,11.022,10.122,512,16384,4096,1,0,0,true,0.5.0,daefabcd5b9a6b33c15bbfb51561bd493900dc5a37ad5b75a09f8ca0da89ca3b,Apple M5 Max,Version 26.6.2 (Build 25G83)
Apple M5 Max,uint32,zero,134217728,4,gpu-quicksort,7.532,6.556,512,16384,4096,1,0,0,true,0.5.0,daefabcd5b9a6b33c15bbfb51561bd493900dc5a37ad5b75a09f8ca0da89ca3b,Apple M5 Max,Version 26.6.2 (Build 25G83)
Apple M5 Max,uint32,zero,134217728,5,gpu-quicksort,10.190,9.687,512,16384,4096,1,0,0,true,0.5.0,daefabcd5b9a6b33c15bbfb51561bd493900dc5a37ad5b75a09f8ca0da89ca3b,Apple M5 Max,Version 26.6.2 (Build 25G83)
Apple M5 Max,uint32,zero,268435456,1,gpu-quicksort,9.111,8.136,512,32768,4096,1,0,0,true,0.5.0,daefabcd5b9a6b33c15bbfb51561bd493900dc5a37ad5b75a09f8ca0da89ca3b,Apple M5 Max,Version 26.6.2 (Build 25G83)
Apple M5 Max,uint32,zero,268435456,2,gpu-quicksort,14.059,13.463,512,32768,4096,1,0,0,true,0.5.0,daefabcd5b9a6b33c15bbfb51561bd493900dc5a37ad5b75a09f8ca0da89ca3b,Apple M5 Max,Version 26.6.2 (Build 25G83)
Apple M5 Max,uint32,zero,268435456,3,gpu-quicksort,6.909,5.830,512,32768,4096,1,0,0,true,0.5.0,daefabcd5b9a6b33c15bbfb51561bd493900dc5a37ad5b75a09f8ca0da89ca3b,Apple M5 Max,Version 26.6.2 (Build 25G83)
Apple M5 Max,uint32,zero,268435456,4,gpu-quicksort,9.627,8.778,512,32768,4096,1,0,0,true,0.5.0,daefabcd5b9a6b33c15bbfb51561bd493900dc5a37ad5b75a09f8ca0da89ca3b,Apple M5 Max,Version 26.6.2 (Build 25G83)
Apple M5 Max,uint32,zero,268435456,5,gpu-quicksort,14.385,13.506,512,32768,4096,1,0,0,true,0.5.0,daefabcd5b9a6b33c15bbfb51561bd493900dc5a37ad5b75a09f8ca0da89ca3b,Apple M5 Max,Version 26.6.2 (Build 25G83)
Apple M5 Max,uint32,zero,536870912,1,gpu-quicksort,19.516,18.490,512,65536,4096,1,0,0,true,0.5.0,daefabcd5b9a6b33c15bbfb51561bd493900dc5a37ad5b75a09f8ca0da89ca3b,Apple M5 Max,Version 26.6.2 (Build 25G83)
Apple M5 Max,uint32,zero,536870912,2,gpu-quicksort,23.395,22.316,512,65536,4096,1,0,0,true,0.5.0,daefabcd5b9a6b33c15bbfb51561bd493900dc5a37ad5b75a09f8ca0da89ca3b,Apple M5 Max,Version 26.6.2 (Build 25G83)
Apple M5 Max,uint32,zero,536870912,3,gpu-quicksort,20.124,18.876,512,65536,4096,1,0,0,true,0.5.0,daefabcd5b9a6b33c15bbfb51561bd493900dc5a37ad5b75a09f8ca0da89ca3b,Apple M5 Max,Version 26.6.2 (Build 25G83)
Apple M5 Max,uint32,zero,536870912,4,gpu-quicksort,20.297,19.010,512,65536,4096,1,0,0,true,0.5.0,daefabcd5b9a6b33c15bbfb51561bd493900dc5a37ad5b75a09f8ca0da89ca3b,Apple M5 Max,Version 26.6.2 (Build 25G83)
Apple M5 Max,uint32,zero,536870912,5,gpu-quicksort,19.876,18.646,512,65536,4096,1,0,0,true,0.5.0,daefabcd5b9a6b33c15bbfb51561bd493900dc5a37ad5b75a09f8ca0da89ca3b,Apple M5 Max,Version 26.6.2 (Build 25G83)
Apple M5 Max,uint32,zero,1073741824,1,gpu-quicksort,25.185,24.064,512,65536,4096,1,0,0,true,0.5.0,daefabcd5b9a6b33c15bbfb51561bd493900dc5a37ad5b75a09f8ca0da89ca3b,Apple M5 Max,Version 26.6.2 (Build 25G83)
Apple M5 Max,uint32,zero,1073741824,2,gpu-quicksort,24.476,23.497,512,65536,4096,1,0,0,true,0.5.0,daefabcd5b9a6b33c15bbfb51561bd493900dc5a37ad5b75a09f8ca0da89ca3b,Apple M5 Max,Version 26.6.2 (Build 25G83)
Apple M5 Max,uint32,zero,1073741824,3,gpu-quicksort,25.442,24.155,512,65536,4096,1,0,0,true,0.5.0,daefabcd5b9a6b33c15bbfb51561bd493900dc5a37ad5b75a09f8ca0da89ca3b,Apple M5 Max,Version 26.6.2 (Build 25G83)
Apple M5 Max,uint32,zero,1073741824,4,gpu-quicksort,25.411,24.162,512,65536,4096,1,0,0,true,0.5.0,daefabcd5b9a6b33c15bbfb51561bd493900dc5a37ad5b75a09f8ca0da89ca3b,Apple M5 Max,Version 26.6.2 (Build 25G83)
Apple M5 Max,uint32,zero,1073741824,5,gpu-quicksort,25.239,24.076,512,65536,4096,1,0,0,true,0.5.0,daefabcd5b9a6b33c15bbfb51561bd493900dc5a37ad5b75a09f8ca0da89ca3b,Apple M5 Max,Version 26.6.2 (Build 25G83)
Apple M5 Max,uint32,bucket,134217728,1,gpu-quicksort,97.308,91.597,512,16384,4096,15,16512,2,true,0.5.0,daefabcd5b9a6b33c15bbfb51561bd493900dc5a37ad5b75a09f8ca0da89ca3b,Apple M5 Max,Version 26.6.2 (Build 25G83)
Apple M5 Max,uint32,bucket,134217728,2,gpu-quicksort,96.718,91.527,512,16384,4096,15,16512,2,true,0.5.0,daefabcd5b9a6b33c15bbfb51561bd493900dc5a37ad5b75a09f8ca0da89ca3b,Apple M5 Max,Version 26.6.2 (Build 25G83)
Apple M5 Max,uint32,bucket,134217728,3,gpu-quicksort,97.392,91.426,512,16384,4096,15,16512,2,true,0.5.0,daefabcd5b9a6b33c15bbfb51561bd493900dc5a37ad5b75a09f8ca0da89ca3b,Apple M5 Max,Version 26.6.2 (Build 25G83)
Apple M5 Max,uint32,bucket,134217728,4,gpu-quicksort,94.109,88.691,512,16384,4096,15,16512,2,true,0.5.0,daefabcd5b9a6b33c15bbfb51561bd493900dc5a37ad5b75a09f8ca0da89ca3b,Apple M5 Max,Version 26.6.2 (Build 25G83)
Apple M5 Max,uint32,bucket,134217728,5,gpu-quicksort,97.197,91.713,512,16384,4096,15,16512,2,true,0.5.0,daefabcd5b9a6b33c15bbfb51561bd493900dc5a37ad5b75a09f8ca0da89ca3b,Apple M5 Max,Version 26.6.2 (Build 25G83)
Apple M5 Max,uint32,bucket,268435456,1,gpu-quicksort,187.919,181.571,512,32768,4096,16,33024,2,true,0.5.0,daefabcd5b9a6b33c15bbfb51561bd493900dc5a37ad5b75a09f8ca0da89ca3b,Apple M5 Max,Version 26.6.2 (Build 25G83)
Apple M5 Max,uint32,bucket,268435456,2,gpu-quicksort,189.557,183.243,512,32768,4096,16,33024,2,true,0.5.0,daefabcd5b9a6b33c15bbfb51561bd493900dc5a37ad5b75a09f8ca0da89ca3b,Apple M5 Max,Version 26.6.2 (Build 25G83)
Apple M5 Max,uint32,bucket,268435456,3,gpu-quicksort,188.682,182.073,512,32768,4096,16,33024,2,true,0.5.0,daefabcd5b9a6b33c15bbfb51561bd493900dc5a37ad5b75a09f8ca0da89ca3b,Apple M5 Max,Version 26.6.2 (Build 25G83)
Apple M5 Max,uint32,bucket,268435456,4,gpu-quicksort,186.524,180.039,512,32768,4096,16,33024,2,true,0.5.0,daefabcd5b9a6b33c15bbfb51561bd493900dc5a37ad5b75a09f8ca0da89ca3b,Apple M5 Max,Version 26.6.2 (Build 25G83)
Apple M5 Max,uint32,bucket,268435456,5,gpu-quicksort,188.763,182.404,512,32768,4096,16,33024,2,true,0.5.0,daefabcd5b9a6b33c15bbfb51561bd493900dc5a37ad5b75a09f8ca0da89ca3b,Apple M5 Max,Version 26.6.2 (Build 25G83)
Apple M5 Max,uint32,bucket,536870912,1,gpu-quicksort,372.639,365.440,512,65536,4096,17,66048,2,true,0.5.0,daefabcd5b9a6b33c15bbfb51561bd493900dc5a37ad5b75a09f8ca0da89ca3b,Apple M5 Max,Version 26.6.2 (Build 25G83)
Apple M5 Max,uint32,bucket,536870912,2,gpu-quicksort,372.660,365.260,512,65536,4096,17,66048,2,true,0.5.0,daefabcd5b9a6b33c15bbfb51561bd493900dc5a37ad5b75a09f8ca0da89ca3b,Apple M5 Max,Version 26.6.2 (Build 25G83)
Apple M5 Max,uint32,bucket,536870912,3,gpu-quicksort,372.680,365.374,512,65536,4096,17,66048,2,true,0.5.0,daefabcd5b9a6b33c15bbfb51561bd493900dc5a37ad5b75a09f8ca0da89ca3b,Apple M5 Max,Version 26.6.2 (Build 25G83)
Apple M5 Max,uint32,bucket,536870912,4,gpu-quicksort,375.577,367.094,512,65536,4096,17,66048,2,true,0.5.0,daefabcd5b9a6b33c15bbfb51561bd493900dc5a37ad5b75a09f8ca0da89ca3b,Apple M5 Max,Version 26.6.2 (Build 25G83)
Apple M5 Max,uint32,bucket,536870912,5,gpu-quicksort,373.628,366.035,512,65536,4096,17,66048,2,true,0.5.0,daefabcd5b9a6b33c15bbfb51561bd493900dc5a37ad5b75a09f8ca0da89ca3b,Apple M5 Max,Version 26.6.2 (Build 25G83)
Apple M5 Max,uint32,bucket,1073741824,1,gpu-quicksort,890.497,882.976,512,65536,4096,17,66048,2,true,0.5.0,daefabcd5b9a6b33c15bbfb51561bd493900dc5a37ad5b75a09f8ca0da89ca3b,Apple M5 Max,Version 26.6.2 (Build 25G83)
Apple M5 Max,uint32,bucket,1073741824,2,gpu-quicksort,892.657,884.789,512,65536,4096,17,66048,2,true,0.5.0,daefabcd5b9a6b33c15bbfb51561bd493900dc5a37ad5b75a09f8ca0da89ca3b,Apple M5 Max,Version 26.6.2 (Build 25G83)
Apple M5 Max,uint32,bucket,1073741824,3,gpu-quicksort,893.209,885.734,512,65536,4096,17,66048,2,true,0.5.0,daefabcd5b9a6b33c15bbfb51561bd493900dc5a37ad5b75a09f8ca0da89ca3b,Apple M5 Max,Version 26.6.2 (Build 25G83)
Apple M5 Max,uint32,bucket,1073741824,4,gpu-quicksort,888.690,881.688,512,65536,4096,17,66048,3,true,0.5.0,daefabcd5b9a6b33c15bbfb51561bd493900dc5a37ad5b75a09f8ca0da89ca3b,Apple M5 Max,Version 26.6.2 (Build 25G83)
Apple M5 Max,uint32,bucket,1073741824,5,gpu-quicksort,888.015,880.290,512,65536,4096,17,66048,3,true,0.5.0,daefabcd5b9a6b33c15bbfb51561bd493900dc5a37ad5b75a09f8ca0da89ca3b,Apple M5 Max,Version 26.6.2 (Build 25G83)
Apple M5 Max,uint32,gaussian,134217728,1,gpu-quicksort,96.942,90.960,512,16384,4096,16,22538,1,true,0.5.0,daefabcd5b9a6b33c15bbfb51561bd493900dc5a37ad5b75a09f8ca0da89ca3b,Apple M5 Max,Version 26.6.2 (Build 25G83)
Apple M5 Max,uint32,gaussian,134217728,2,gpu-quicksort,93.623,85.472,512,16384,4096,16,22538,1,true,0.5.0,daefabcd5b9a6b33c15bbfb51561bd493900dc5a37ad5b75a09f8ca0da89ca3b,Apple M5 Max,Version 26.6.2 (Build 25G83)
Apple M5 Max,uint32,gaussian,134217728,3,gpu-quicksort,94.950,85.461,512,16384,4096,16,22538,1,true,0.5.0,daefabcd5b9a6b33c15bbfb51561bd493900dc5a37ad5b75a09f8ca0da89ca3b,Apple M5 Max,Version 26.6.2 (Build 25G83)
Apple M5 Max,uint32,gaussian,134217728,4,gpu-quicksort,97.179,91.197,512,16384,4096,16,22538,1,true,0.5.0,daefabcd5b9a6b33c15bbfb51561bd493900dc5a37ad5b75a09f8ca0da89ca3b,Apple M5 Max,Version 26.6.2 (Build 25G83)
Apple M5 Max,uint32,gaussian,134217728,5,gpu-quicksort,95.610,90.036,512,16384,4096,16,22538,1,true,0.5.0,daefabcd5b9a6b33c15bbfb51561bd493900dc5a37ad5b75a09f8ca0da89ca3b,Apple M5 Max,Version 26.6.2 (Build 25G83)
Apple M5 Max,uint32,gaussian,268435456,1,gpu-quicksort,188.829,182.593,512,32768,4096,17,44983,1,true,0.5.0,daefabcd5b9a6b33c15bbfb51561bd493900dc5a37ad5b75a09f8ca0da89ca3b,Apple M5 Max,Version 26.6.2 (Build 25G83)
Apple M5 Max,uint32,gaussian,268435456,2,gpu-quicksort,189.905,183.120,512,32768,4096,17,44983,1,true,0.5.0,daefabcd5b9a6b33c15bbfb51561bd493900dc5a37ad5b75a09f8ca0da89ca3b,Apple M5 Max,Version 26.6.2 (Build 25G83)
Apple M5 Max,uint32,gaussian,268435456,3,gpu-quicksort,187.541,180.984,512,32768,4096,17,44983,1,true,0.5.0,daefabcd5b9a6b33c15bbfb51561bd493900dc5a37ad5b75a09f8ca0da89ca3b,Apple M5 Max,Version 26.6.2 (Build 25G83)
Apple M5 Max,uint32,gaussian,268435456,4,gpu-quicksort,188.500,181.824,512,32768,4096,17,44983,1,true,0.5.0,daefabcd5b9a6b33c15bbfb51561bd493900dc5a37ad5b75a09f8ca0da89ca3b,Apple M5 Max,Version 26.6.2 (Build 25G83)
Apple M5 Max,uint32,gaussian,268435456,5,gpu-quicksort,188.015,181.921,512,32768,4096,17,44983,1,true,0.5.0,daefabcd5b9a6b33c15bbfb51561bd493900dc5a37ad5b75a09f8ca0da89ca3b,Apple M5 Max,Version 26.6.2 (Build 25G83)
Apple M5 Max,uint32,gaussian,536870912,1,gpu-quicksort,371.640,364.276,512,65536,4096,17,66205,2,true,0.5.0,daefabcd5b9a6b33c15bbfb51561bd493900dc5a37ad5b75a09f8ca0da89ca3b,Apple M5 Max,Version 26.6.2 (Build 25G83)
Apple M5 Max,uint32,gaussian,536870912,2,gpu-quicksort,372.296,364.567,512,65536,4096,17,66205,2,true,0.5.0,daefabcd5b9a6b33c15bbfb51561bd493900dc5a37ad5b75a09f8ca0da89ca3b,Apple M5 Max,Version 26.6.2 (Build 25G83)
Apple M5 Max,uint32,gaussian,536870912,3,gpu-quicksort,371.001,363.462,512,65536,4096,17,66205,2,true,0.5.0,daefabcd5b9a6b33c15bbfb51561bd493900dc5a37ad5b75a09f8ca0da89ca3b,Apple M5 Max,Version 26.6.2 (Build 25G83)
Apple M5 Max,uint32,gaussian,536870912,4,gpu-quicksort,372.715,365.141,512,65536,4096,17,66205,2,true,0.5.0,daefabcd5b9a6b33c15bbfb51561bd493900dc5a37ad5b75a09f8ca0da89ca3b,Apple M5 Max,Version 26.6.2 (Build 25G83)
Apple M5 Max,uint32,gaussian,536870912,5,gpu-quicksort,371.425,364.182,512,65536,4096,17,66205,2,true,0.5.0,daefabcd5b9a6b33c15bbfb51561bd493900dc5a37ad5b75a09f8ca0da89ca3b,Apple M5 Max,Version 26.6.2 (Build 25G83)
Apple M5 Max,uint32,gaussian,1073741824,1,gpu-quicksort,934.572,926.132,512,65536,4096,18,89952,2,true,0.5.0,daefabcd5b9a6b33c15bbfb51561bd493900dc5a37ad5b75a09f8ca0da89ca3b,Apple M5 Max,Version 26.6.2 (Build 25G83)
Apple M5 Max,uint32,gaussian,1073741824,2,gpu-quicksort,932.365,924.280,512,65536,4096,18,89952,2,true,0.5.0,daefabcd5b9a6b33c15bbfb51561bd493900dc5a37ad5b75a09f8ca0da89ca3b,Apple M5 Max,Version 26.6.2 (Build 25G83)
Apple M5 Max,uint32,gaussian,1073741824,3,gpu-quicksort,930.046,921.644,512,65536,4096,18,89952,2,true,0.5.0,daefabcd5b9a6b33c15bbfb51561bd493900dc5a37ad5b75a09f8ca0da89ca3b,Apple M5 Max,Version 26.6.2 (Build 25G83)
Apple M5 Max,uint32,gaussian,1073741824,4,gpu-quicksort,932.397,923.983,512,65536,4096,18,89952,2,true,0.5.0,daefabcd5b9a6b33c15bbfb51561bd493900dc5a37ad5b75a09f8ca0da89ca3b,Apple M5 Max,Version 26.6.2 (Build 25G83)
Apple M5 Max,uint32,gaussian,1073741824,5,gpu-quicksort,939.926,931.428,512,65536,4096,18,89952,2,true,0.5.0,daefabcd5b9a6b33c15bbfb51561bd493900dc5a37ad5b75a09f8ca0da89ca3b,Apple M5 Max,Version 26.6.2 (Build 25G83)
Apple M5 Max,uint32,staggered,134217728,1,gpu-quicksort,93.045,85.380,512,16384,4096,15,16640,2,true,0.5.0,daefabcd5b9a6b33c15bbfb51561bd493900dc5a37ad5b75a09f8ca0da89ca3b,Apple M5 Max,Version 26.6.2 (Build 25G83)
Apple M5 Max,uint32,staggered,134217728,2,gpu-quicksort,93.929,86.099,512,16384,4096,15,16640,2,true,0.5.0,daefabcd5b9a6b33c15bbfb51561bd493900dc5a37ad5b75a09f8ca0da89ca3b,Apple M5 Max,Version 26.6.2 (Build 25G83)
Apple M5 Max,uint32,staggered,134217728,3,gpu-quicksort,92.235,85.579,512,16384,4096,15,16640,2,true,0.5.0,daefabcd5b9a6b33c15bbfb51561bd493900dc5a37ad5b75a09f8ca0da89ca3b,Apple M5 Max,Version 26.6.2 (Build 25G83)
Apple M5 Max,uint32,staggered,134217728,4,gpu-quicksort,91.429,85.232,512,16384,4096,15,16640,2,true,0.5.0,daefabcd5b9a6b33c15bbfb51561bd493900dc5a37ad5b75a09f8ca0da89ca3b,Apple M5 Max,Version 26.6.2 (Build 25G83)
Apple M5 Max,uint32,staggered,134217728,5,gpu-quicksort,92.915,85.528,512,16384,4096,15,16640,2,true,0.5.0,daefabcd5b9a6b33c15bbfb51561bd493900dc5a37ad5b75a09f8ca0da89ca3b,Apple M5 Max,Version 26.6.2 (Build 25G83)
Apple M5 Max,uint32,staggered,268435456,1,gpu-quicksort,184.331,176.618,512,32768,4096,16,33280,2,true,0.5.0,daefabcd5b9a6b33c15bbfb51561bd493900dc5a37ad5b75a09f8ca0da89ca3b,Apple M5 Max,Version 26.6.2 (Build 25G83)
Apple M5 Max,uint32,staggered,268435456,2,gpu-quicksort,189.042,183.696,512,32768,4096,16,33280,2,true,0.5.0,daefabcd5b9a6b33c15bbfb51561bd493900dc5a37ad5b75a09f8ca0da89ca3b,Apple M5 Max,Version 26.6.2 (Build 25G83)
Apple M5 Max,uint32,staggered,268435456,3,gpu-quicksort,181.617,176.003,512,32768,4096,16,33280,2,true,0.5.0,daefabcd5b9a6b33c15bbfb51561bd493900dc5a37ad5b75a09f8ca0da89ca3b,Apple M5 Max,Version 26.6.2 (Build 25G83)
Apple M5 Max,uint32,staggered,268435456,4,gpu-quicksort,189.593,183.665,512,32768,4096,16,33280,2,true,0.5.0,daefabcd5b9a6b33c15bbfb51561bd493900dc5a37ad5b75a09f8ca0da89ca3b,Apple M5 Max,Version 26.6.2 (Build 25G83)
Apple M5 Max,uint32,staggered,268435456,5,gpu-quicksort,188.825,182.574,512,32768,4096,16,33280,2,true,0.5.0,daefabcd5b9a6b33c15bbfb51561bd493900dc5a37ad5b75a09f8ca0da89ca3b,Apple M5 Max,Version 26.6.2 (Build 25G83)
Apple M5 Max,uint32,staggered,536870912,1,gpu-quicksort,371.978,364.557,512,65536,4096,17,66560,2,true,0.5.0,daefabcd5b9a6b33c15bbfb51561bd493900dc5a37ad5b75a09f8ca0da89ca3b,Apple M5 Max,Version 26.6.2 (Build 25G83)
Apple M5 Max,uint32,staggered,536870912,2,gpu-quicksort,371.691,364.250,512,65536,4096,17,66560,2,true,0.5.0,daefabcd5b9a6b33c15bbfb51561bd493900dc5a37ad5b75a09f8ca0da89ca3b,Apple M5 Max,Version 26.6.2 (Build 25G83)
Apple M5 Max,uint32,staggered,536870912,3,gpu-quicksort,371.282,363.722,512,65536,4096,17,66560,2,true,0.5.0,daefabcd5b9a6b33c15bbfb51561bd493900dc5a37ad5b75a09f8ca0da89ca3b,Apple M5 Max,Version 26.6.2 (Build 25G83)
Apple M5 Max,uint32,staggered,536870912,4,gpu-quicksort,371.996,364.525,512,65536,4096,17,66560,2,true,0.5.0,daefabcd5b9a6b33c15bbfb51561bd493900dc5a37ad5b75a09f8ca0da89ca3b,Apple M5 Max,Version 26.6.2 (Build 25G83)
Apple M5 Max,uint32,staggered,536870912,5,gpu-quicksort,372.072,364.829,512,65536,4096,17,66560,2,true,0.5.0,daefabcd5b9a6b33c15bbfb51561bd493900dc5a37ad5b75a09f8ca0da89ca3b,Apple M5 Max,Version 26.6.2 (Build 25G83)
Apple M5 Max,uint32,staggered,1073741824,1,gpu-quicksort,868.440,860.730,512,65536,4096,17,66560,2,true,0.5.0,daefabcd5b9a6b33c15bbfb51561bd493900dc5a37ad5b75a09f8ca0da89ca3b,Apple M5 Max,Version 26.6.2 (Build 25G83)
Apple M5 Max,uint32,staggered,1073741824,2,gpu-quicksort,866.691,858.786,512,65536,4096,17,66560,2,true,0.5.0,daefabcd5b9a6b33c15bbfb51561bd493900dc5a37ad5b75a09f8ca0da89ca3b,Apple M5 Max,Version 26.6.2 (Build 25G83)
Apple M5 Max,uint32,staggered,1073741824,3,gpu-quicksort,870.601,862.031,512,65536,4096,17,66560,3,true,0.5.0,daefabcd5b9a6b33c15bbfb51561bd493900dc5a37ad5b75a09f8ca0da89ca3b,Apple M5 Max,Version 26.6.2 (Build 25G83)
Apple M5 Max,uint32,staggered,1073741824,4,gpu-quicksort,866.313,858.590,512,65536,4096,17,66560,2,true,0.5.0,daefabcd5b9a6b33c15bbfb51561bd493900dc5a37ad5b75a09f8ca0da89ca3b,Apple M5 Max,Version 26.6.2 (Build 25G83)
Apple M5 Max,uint32,staggered,1073741824,5,gpu-quicksort,866.530,858.570,512,65536,4096,17,66560,2,true,0.5.0,daefabcd5b9a6b33c15bbfb51561bd493900dc5a37ad5b75a09f8ca0da89ca3b,Apple M5 Max,Version 26.6.2 (Build 25G83)
